accuracy,f1_score,roc_auc
0.8166666666666667,0.815582465033324,0.9095982142857143
